{
  "accuracy": 0.9981001899810019,
  "precision": 0.9985244419058499,
  "recall": 0.9978594872282738,
  "f1": 0.9981918538256567,
  "roc_auc": 0.9999907803165888
}